Workbook

Sheet Summary
A1: Kita Kids Database – Development Plan
A2: Web application for kindergarten staff · Python + TypeScript · local-network server · one developer
A4: Project start | B4: =Stages!G9 -> 46316
A5: Release 1 (core app) live by | B5: =Stages!H21 -> 46651
A6: Release 2 (extras + AI) live by | B6: =Stages!H25 -> 46784
A7: Total duration (weeks) | B7: =Stages!F26 -> 67
A8: Number of stages | B8: =COUNTA(Stages!A9:A25) -> 17
A9: Number of backlog tasks | B9: =COUNTA(Backlog!A5:A106) -> 102
A10: Effort Release 1 (days) | B10: =SUMIFS(Backlog!I5:I106,Backlog!D5:D106,"Release 1") -> 179
A11: Effort Release 2 (days) | B11: =SUMIFS(Backlog!I5:I106,Backlog!D5:D106,"Release 2") -> 74
A12: Total effort (person-days) | B12: =Backlog!I107 -> 253
A13: Tasks done | B13: =COUNTIF(Backlog!K5:K106,"Done") -> 0
A14: Progress (tasks) | B14: =IF(B9=0,0,B13/B9) -> 0
A15: High-rated risks | B15: =COUNTIF(Risks!F5:F18,"High") -> 9
A18: Sheets in this workbook
A19: Stages | B19: 17 stages in two releases; effort from the backlog; start date, buffer and availability are inputs
A20: Backlog | B20: All tasks with stage, release, technology, owner, effort, priority, status (filterable)
A21: Requirements | B21: Your 17 features plus 18 suggested ones, mapped to stages and releases
A22: Server Setup | B22: Step-by-step checklist for the Kita server
A23: Tech Stack | B23: Proposed technologies with reasons
A24: Risks | B24: Risk register with score and mitigation
A26: Release 1 is the usable core (login, profiles with safety data, groups, board, calendar, attendance, feedback). Release 2 adds parent communication, daily reports, staff tools and AI.
A27: Estimates are initial assumptions; refine after S0 and S1. Change the availability in Stages!B5 if you work on this part-time.

Sheet Stages
A1: Kita Kids Database – Development Stages
A2: Blue cells are inputs. Effort comes from the Backlog; duration and dates recalculate automatically.
A3: Project start date | B3: 46316 | C3: Start today (Wed 21.10.2026), as requested
A4: Buffer for meetings, bugs, rework | B4: 0.2 | C4: Assumption: 20% on top of task effort
A5: Your availability (days per week) | B5: 5 | C5: Assumption: full time. Set e.g. 2.5 if you work on this part-time; all dates move
A6: Public holidays, Kita closing days and your own leave are not included.
A8: Stage ID | B8: Stage | C8: Release | D8: Description | E8: Effort (days) | F8: Duration (weeks) | G8: Start | H8: End | I8: Key deliverable | J8: Status
A9: S0 | B9: Discovery & Requirements | C9: Release 1 | D9: Clarify scope, users, legal basis (Swiss nDSG / German DSGVO), existing hardware | E9: =SUMIFS(Backlog!$I$5:$I$106,Backlog!$B$5:$B$106,A9) -> 10 | F9: =MAX(1,ROUNDUP(E9*(1+$B$4)/$B$5,0)) -> 3 | G9: =WORKDAY($B$3-1,1) -> 46316 | H9: =WORKDAY(G9,F9*5-1) -> 46336 | I9: Signed-off requirements & data-protection concept | J9: Not started
A10: S1 | B10: UX / HMI Design | C10: Release 1 | D10: Wireframes and clickable prototype for non-technical staff; tablet-friendly; German/English | E10: =SUMIFS(Backlog!$I$5:$I$106,Backlog!$B$5:$B$106,A10) -> 14 | F10: =MAX(1,ROUNDUP(E10*(1+$B$4)/$B$5,0)) -> 4 | G10: =WORKDAY(H9,1) -> 46337 | H10: =WORKDAY(G10,F10*5-1) -> 46364 | I10: Approved prototype & style guide | J10: Not started
A11: S2 | B11: Architecture & Dev Setup | C11: Release 1 | D11: Tech stack, repo, CI, DB schema, development environment on your own machine | E11: =SUMIFS(Backlog!$I$5:$I$106,Backlog!$B$5:$B$106,A11) -> 12 | F11: =MAX(1,ROUNDUP(E11*(1+$B$4)/$B$5,0)) -> 3 | G11: =WORKDAY(H10,1) -> 46365 | H11: =WORKDAY(G11,F11*5-1) -> 46385 | I11: Running skeleton (backend + frontend + DB) | J11: Not started
A12: S3 | B12: Server & Infrastructure Setup | C12: Release 1 | D12: Install and secure the Kita server, HTTPS, backups, monitoring (see sheet Server Setup) | E12: =SUMIFS(Backlog!$I$5:$I$106,Backlog!$B$5:$B$106,A12) -> 11 | F12: =MAX(1,ROUNDUP(E12*(1+$B$4)/$B$5,0)) -> 3 | G12: =WORKDAY(H11,1) -> 46386 | H12: =WORKDAY(G12,F12*5-1) -> 46406 | I12: Staging server running with tested backup/restore | J12: Not started
A13: S4 | B13: Authentication & Access Control | C13: Release 1 | D13: Login, roles (Admin / Teacher / Guest), user-admin page | E13: =SUMIFS(Backlog!$I$5:$I$106,Backlog!$B$5:$B$106,A13) -> 20 | F13: =MAX(1,ROUNDUP(E13*(1+$B$4)/$B$5,0)) -> 5 | G13: =WORKDAY(H12,1) -> 46407 | H13: =WORKDAY(G13,F13*5-1) -> 46441 | I13: Secure login with role-based access | J13: Not started
A14: S5 | B14: Kids Profiles, Safety & Archive | C14: Release 1 | D14: Profiles, parents, emergency contacts, pick-up persons, allergy alerts, consents, photos, archive | E14: =SUMIFS(Backlog!$I$5:$I$106,Backlog!$B$5:$B$106,A14) -> 29 | F14: =MAX(1,ROUNDUP(E14*(1+$B$4)/$B$5,0)) -> 7 | G14: =WORKDAY(H13,1) -> 46442 | H14: =WORKDAY(G14,F14*5-1) -> 46490 | I14: Kids profile module | J14: Not started
A15: S6 | B15: Groups & Task Board | C15: Release 1 | D15: Group selection, group views, agile board with backlog | E15: =SUMIFS(Backlog!$I$5:$I$106,Backlog!$B$5:$B$106,A15) -> 15 | F15: =MAX(1,ROUNDUP(E15*(1+$B$4)/$B$5,0)) -> 4 | G15: =WORKDAY(H14,1) -> 46491 | H15: =WORKDAY(G15,F15*5-1) -> 46518 | I15: Group module with Kanban board | J15: Not started
A16: S7 | B16: Calendar & Events | C16: Release 1 | D16: Holidays, events, birthdays, group and Kita-wide views | E16: =SUMIFS(Backlog!$I$5:$I$106,Backlog!$B$5:$B$106,A16) -> 10 | F16: =MAX(1,ROUNDUP(E16*(1+$B$4)/$B$5,0)) -> 3 | G16: =WORKDAY(H15,1) -> 46519 | H16: =WORKDAY(G16,F16*5-1) -> 46539 | I16: Calendar module | J16: Not started
A17: S8 | B17: Attendance, Incidents & Emergency | C17: Release 1 | D17: Daily attendance, absences, incident log, printable emergency list, today dashboard | E17: =SUMIFS(Backlog!$I$5:$I$106,Backlog!$B$5:$B$106,A17) -> 13 | F17: =MAX(1,ROUNDUP(E17*(1+$B$4)/$B$5,0)) -> 4 | G17: =WORKDAY(H16,1) -> 46540 | H17: =WORKDAY(G17,F17*5-1) -> 46567 | I17: Daily-operations module | J17: Not started
A18: S9 | B18: Feedback & Crash Reporting | C18: Release 1 | D18: Problem / idea / change-request form, automatic crash reports to developer | E18: =SUMIFS(Backlog!$I$5:$I$106,Backlog!$B$5:$B$106,A18) -> 8 | F18: =MAX(1,ROUNDUP(E18*(1+$B$4)/$B$5,0)) -> 2 | G18: =WORKDAY(H17,1) -> 46568 | H18: =WORKDAY(G18,F18*5-1) -> 46581 | I18: Feedback module | J18: Not started
A19: S10 | B19: Data Separation & Security Hardening | C19: Release 1 | D19: Current vs. archived data, encryption, audit log, parent data export, security review | E19: =SUMIFS(Backlog!$I$5:$I$106,Backlog!$B$5:$B$106,A19) -> 12 | F19: =MAX(1,ROUNDUP(E19*(1+$B$4)/$B$5,0)) -> 3 | G19: =WORKDAY(H18,1) -> 46582 | H19: =WORKDAY(G19,F19*5-1) -> 46602 | I19: Security checklist passed | J19: Not started
A20: S11 | B20: Testing & Pilot | C20: Release 1 | D20: Automated and manual tests, user acceptance test with Kita staff, bug fixing | E20: =SUMIFS(Backlog!$I$5:$I$106,Backlog!$B$5:$B$106,A20) -> 18 | F20: =MAX(1,ROUNDUP(E20*(1+$B$4)/$B$5,0)) -> 5 | G20: =WORKDAY(H19,1) -> 46603 | H20: =WORKDAY(G20,F20*5-1) -> 46637 | I20: UAT sign-off | J20: Not started
A21: S12 | B21: Deployment, Training & Go-live | C21: Release 1 | D21: Production release on the Kita server, manual, staff training, support process | E21: =SUMIFS(Backlog!$I$5:$I$106,Backlog!$B$5:$B$106,A21) -> 7 | F21: =MAX(1,ROUNDUP(E21*(1+$B$4)/$B$5,0)) -> 2 | G21: =WORKDAY(H20,1) -> 46638 | H21: =WORKDAY(G21,F21*5-1) -> 46651 | I21: Release 1 live | J21: Not started
... A25: S16 | B25: Release 2 Testing & Rollout | C25: Release 2 | D25: Tests, user acceptance, bug fixing, deployment and training for new modules | E25: =SUMIFS(Backlog!$I$5:$I$106,Backlog!$B$5:$B$106,A25) -> 14 | F25: =MAX(1,ROUNDUP(E25*(1+$B$4)/$B$5,0)) -> 4 | G25: =WORKDAY(H24,1) -> 46757 | H25: =WORKDAY(G25,F25*5-1) -> 46784 | I25: Release 2 live | J25: Not started
B26: Total | E26: =SUM(E9:E25) -> 253 | F26: =SUM(F9:F25) -> 67 | G26: =G9 -> 46316 | H26: =H25 -> 46784
B27: Stages run one after another because you are the only developer. Light-blue rows are Release 2.

Sheet Backlog
A1: Task Backlog
A2: Effort (days) is an estimate for one developer; change the blue cells and the Stages sheet recalculates. Filter by stage, release, priority or status.
A4: ID | B4: Stage | C4: Stage name | D4: Release | E4: Task | F4: Feature area | G4: Technology | H4: Owner role | I4: Effort (days) | J4: Priority | K4: Status
A5: T001 | B5: S0 | C5: =INDEX(Stages!$B$9:$B$25,MATCH(B5,Stages!$A$9:$A$25,0)) -> Discovery & Requirements | D5: =INDEX(Stages!$C$9:$C$25,MATCH(B5,Stages!$A$9:$A$25,0)) -> Release 1 | E5: Interview Kita management and teachers; collect real workflows | F5: All | G5: Workshops | H5: Product owner | I5: 3 | J5: High | K5: To do
A6: T002 | B6: S0 | C6: =INDEX(Stages!$B$9:$B$25,MATCH(B6,Stages!$A$9:$A$25,0)) -> Discovery & Requirements | D6: =INDEX(Stages!$C$9:$C$25,MATCH(B6,Stages!$A$9:$A$25,0)) -> Release 1 | E6: Define user roles and permission matrix (Admin / Teacher / Guest; Parent later) | F6: Access rights | G6: Document | H6: Product owner | I6: 1 | J6: High | K6: To do
A7: T003 | B7: S0 | C7: =INDEX(Stages!$B$9:$B$25,MATCH(B7,Stages!$A$9:$A$25,0)) -> Discovery & Requirements | D7: =INDEX(Stages!$C$9:$C$25,MATCH(B7,Stages!$A$9:$A$25,0)) -> Release 1 | E7: Data-protection assessment for children's, parents' and health data (nDSG/DSGVO), photo consent | F7: Security | G7: Document | H7: Product owner | I7: 3 | J7: High | K7: To do
A8: T004 | B8: S0 | C8: =INDEX(Stages!$B$9:$B$25,MATCH(B8,Stages!$A$9:$A$25,0)) -> Discovery & Requirements | D8: =INDEX(Stages!$C$9:$C$25,MATCH(B8,Stages!$A$9:$A$25,0)) -> Release 1 | E8: Confirm country/canton and legal basis; name a data-protection contact at the Kita | F8: Security | G8: Document | H8: Product owner | I8: 1 | J8: High | K8: To do
A9: T005 | B9: S0 | C9: =INDEX(Stages!$B$9:$B$25,MATCH(B9,Stages!$A$9:$A$25,0)) -> Discovery & Requirements | D9: =INDEX(Stages!$C$9:$C$25,MATCH(B9,Stages!$A$9:$A$25,0)) -> Release 1 | E9: Inventory existing hardware, network, number of PCs/tablets | F9: Server | G9: Checklist | H9: Developer | I9: 1 | J9: High | K9: To do
A10: T006 | B10: S0 | C10: =INDEX(Stages!$B$9:$B$25,MATCH(B10,Stages!$A$9:$A$25,0)) -> Discovery & Requirements | D10: =INDEX(Stages!$C$9:$C$25,MATCH(B10,Stages!$A$9:$A$25,0)) -> Release 1 | E10: Define Release 1 / Release 2 scope (MoSCoW) and confirm with Kita management | F10: All | G10: Document | H10: Product owner | I10: 1 | J10: High | K10: To do
A11: T007 | B11: S1 | C11: =INDEX(Stages!$B$9:$B$25,MATCH(B11,Stages!$A$9:$A$25,0)) -> UX / HMI Design | D11: =INDEX(Stages!$C$9:$C$25,MATCH(B11,Stages!$A$9:$A$25,0)) -> Release 1 | E11: User personas and task flows for basic-skill users | F11: UX/HMI | G11: Figma / paper | H11: UX designer | I11: 2 | J11: High | K11: To do
A12: T008 | B12: S1 | C12: =INDEX(Stages!$B$9:$B$25,MATCH(B12,Stages!$A$9:$A$25,0)) -> UX / HMI Design | D12: =INDEX(Stages!$C$9:$C$25,MATCH(B12,Stages!$A$9:$A$25,0)) -> Release 1 | E12: Wireframes: landing, group view, kids profile, allergy alerts, attendance, board, calendar, admin page | F12: UX/HMI | G12: Figma | H12: UX designer | I12: 5 | J12: High | K12: To do
A13: T009 | B13: S1 | C13: =INDEX(Stages!$B$9:$B$25,MATCH(B13,Stages!$A$9:$A$25,0)) -> UX / HMI Design | D13: =INDEX(Stages!$C$9:$C$25,MATCH(B13,Stages!$A$9:$A$25,0)) -> Release 1 | E13: Style guide: large buttons, high contrast, icons + text, group icons (Monkey, Butterflies…) | F13: UX/HMI | G13: Figma | H13: UX designer | I13: 2 | J13: Medium | K13: To do
A14: T010 | B14: S1 | C14: =INDEX(Stages!$B$9:$B$25,MATCH(B14,Stages!$A$9:$A$25,0)) -> UX / HMI Design | D14: =INDEX(Stages!$C$9:$C$25,MATCH(B14,Stages!$A$9:$A$25,0)) -> Release 1 | E14: Tablet-first layout guidelines (touch targets, PWA behaviour) | F14: UX/HMI | G14: Figma | H14: UX designer | I14: 1 | J14: High | K14: To do
A15: T011 | B15: S1 | C15: =INDEX(Stages!$B$9:$B$25,MATCH(B15,Stages!$A$9:$A$25,0)) -> UX / HMI Design | D15: =INDEX(Stages!$C$9:$C$25,MATCH(B15,Stages!$A$9:$A$25,0)) -> Release 1 | E15: Clickable prototype and usability test with 3–5 Kita staff | F15: UX/HMI | G15: Figma | H15: UX designer | I15: 3 | J15: High | K15: To do
A16: T012 | B16: S1 | C16: =INDEX(Stages!$B$9:$B$25,MATCH(B16,Stages!$A$9:$A$25,0)) -> UX / HMI Design | D16: =INDEX(Stages!$C$9:$C$25,MATCH(B16,Stages!$A$9:$A$25,0)) -> Release 1 | E16: German/English UI texts (i18n keys) | F16: UX/HMI | G16: JSON | H16: UX designer | I16: 1 | J16: Medium | K16: To do
... A106: T102 | B106: S16 | C106: =INDEX(Stages!$B$9:$B$25,MATCH(B106,Stages!$A$9:$A$25,0)) -> Release 2 Testing & Rollout | D106: =INDEX(Stages!$C$9:$C$25,MATCH(B106,Stages!$A$9:$A$25,0)) -> Release 2 | E106: Deploy Release 2 and train staff | F106: Deployment | G106: Docker | H106: Developer | I106: 2 | J106: High | K106: To do
H107: Total days | I107: =SUM(I5:I106) -> 253

Sheet Requirements
A1: Requirements Traceability
A2: R01–R17 are from your list, R18–R35 are the suggested additions. Priority uses MoSCoW (Must / Should / Could).
A4: Req ID | B4: Requirement | C4: Source | D4: Delivered in stage(s) | E4: Release | F4: Priority | G4: Backlog tasks | H4: Verified in UAT?
A5: R01 | B5: Web interface; landing page with Login, Admin, Teacher, Guest access | C5: Your list | D5: S4 | E5: =INDEX(Stages!$C$9:$C$25,MATCH("S4",Stages!$A$9:$A$25,0)) -> Release 1 | F5: Must | G5: =COUNTIF(Backlog!$B$5:$B$106,"S4") -> 8 | H5: No
A6: R02 | B6: Teacher accounts via Gmail or GMX | C6: Your list | D6: S4 | E6: =INDEX(Stages!$C$9:$C$25,MATCH("S4",Stages!$A$9:$A$25,0)) -> Release 1 | F6: Must | G6: =COUNTIF(Backlog!$B$5:$B$106,"S4") -> 8 | H6: No
A7: R03 | B7: Admin-only page listing all logins with access rights | C7: Your list | D7: S4 | E7: =INDEX(Stages!$C$9:$C$25,MATCH("S4",Stages!$A$9:$A$25,0)) -> Release 1 | F7: Must | G7: =COUNTIF(Backlog!$B$5:$B$106,"S4") -> 8 | H7: No
A8: R04 | B8: Secure data storage on local network, accessible to all Kita users | C8: Your list | D8: S2, S3, S10, S12 | E8: =INDEX(Stages!$C$9:$C$25,MATCH("S2",Stages!$A$9:$A$25,0)) -> Release 1 | F8: Must | G8: =COUNTIF(Backlog!$B$5:$B$106,"S2")+COUNTIF(Backlog!$B$5:$B$106,"S3")+COUNTIF(Backlog!$B$5:$B$106,"S10")+COUNTIF(Backlog!$B$5:$B$106,"S12") -> 25 | H8: No
A9: R05 | B9: AI-powered application | C9: Your list | D9: S15 | E9: =INDEX(Stages!$C$9:$C$25,MATCH("S15",Stages!$A$9:$A$25,0)) -> Release 2 | F9: Should | G9: =COUNTIF(Backlog!$B$5:$B$106,"S15") -> 8 | H9: No
A10: R06 | B10: Kids profile create/edit/delete, admin only | C10: Your list | D10: S5 | E10: =INDEX(Stages!$C$9:$C$25,MATCH("S5",Stages!$A$9:$A$25,0)) -> Release 1 | F10: Must | G10: =COUNTIF(Backlog!$B$5:$B$106,"S5") -> 10 | H10: No
A11: R07 | B11: Profile content: photo, name, gender, language, food preferences, interests, photos | C11: Your list | D11: S5 | E11: =INDEX(Stages!$C$9:$C$25,MATCH("S5",Stages!$A$9:$A$25,0)) -> Release 1 | F11: Must | G11: =COUNTIF(Backlog!$B$5:$B$106,"S5") -> 10 | H11: No
A12: R08 | B12: Deleted profiles archived for a defined period | C12: Your list | D12: S5, S10 | E12: =INDEX(Stages!$C$9:$C$25,MATCH("S5",Stages!$A$9:$A$25,0)) -> Release 1 | F12: Must | G12: =COUNTIF(Backlog!$B$5:$B$106,"S5")+COUNTIF(Backlog!$B$5:$B$106,"S10") -> 15 | H12: No
A13: R09 | B13: Parents data: name, address | C13: Your list | D13: S5 | E13: =INDEX(Stages!$C$9:$C$25,MATCH("S5",Stages!$A$9:$A$25,0)) -> Release 1 | F13: Must | G13: =COUNTIF(Backlog!$B$5:$B$106,"S5") -> 10 | H13: No
A14: R10 | B14: Multiple groups (Monkey, Butterflies, Insects…) | C14: Your list | D14: S6 | E14: =INDEX(Stages!$C$9:$C$25,MATCH("S6",Stages!$A$9:$A$25,0)) -> Release 1 | F14: Must | G14: =COUNTIF(Backlog!$B$5:$B$106,"S6") -> 5 | H14: No
A15: R11 | B15: Group selection via drop-down; group-specific data window | C15: Your list | D15: S6 | E15: =INDEX(Stages!$C$9:$C$25,MATCH("S6",Stages!$A$9:$A$25,0)) -> Release 1 | F15: Must | G15: =COUNTIF(Backlog!$B$5:$B$106,"S6") -> 5 | H15: No
A16: R12 | B16: Group tasks as agile board with backlog | C16: Your list | D16: S6 | E16: =INDEX(Stages!$C$9:$C$25,MATCH("S6",Stages!$A$9:$A$25,0)) -> Release 1 | F16: Must | G16: =COUNTIF(Backlog!$B$5:$B$106,"S6") -> 5 | H16: No
A17: R13 | B17: Calendar: holidays, updates, events | C17: Your list | D17: S7 | E17: =INDEX(Stages!$C$9:$C$25,MATCH("S7",Stages!$A$9:$A$25,0)) -> Release 1 | F17: Must | G17: =COUNTIF(Backlog!$B$5:$B$106,"S7") -> 5 | H17: No
A18: R14 | B18: Clear separation of current and archived data, easy access | C18: Your list | D18: S5, S10 | E18: =INDEX(Stages!$C$9:$C$25,MATCH("S5",Stages!$A$9:$A$25,0)) -> Release 1 | F18: Must | G18: =COUNTIF(Backlog!$B$5:$B$106,"S5")+COUNTIF(Backlog!$B$5:$B$106,"S10") -> 15 | H18: No
A19: R15 | B19: UX/HMI design for basic users | C19: Your list | D19: S1, S11 | E19: =INDEX(Stages!$C$9:$C$25,MATCH("S1",Stages!$A$9:$A$25,0)) -> Release 1 | F19: Must | G19: =COUNTIF(Backlog!$B$5:$B$106,"S1")+COUNTIF(Backlog!$B$5:$B$106,"S11") -> 12 | H19: No
A20: R16 | B20: Report problems, change requests, ideas from the GUI | C20: Your list | D20: S9 | E20: =INDEX(Stages!$C$9:$C$25,MATCH("S9",Stages!$A$9:$A$25,0)) -> Release 1 | F20: Must | G20: =COUNTIF(Backlog!$B$5:$B$106,"S9") -> 3 | H20: No
A21: R17 | B21: Automatic crash reports to developers | C21: Your list | D21: S9 | E21: =INDEX(Stages!$C$9:$C$25,MATCH("S9",Stages!$A$9:$A$25,0)) -> Release 1 | F21: Must | G21: =COUNTIF(Backlog!$B$5:$B$106,"S9") -> 3 | H21: No
A22: R18 | B22: Allergy and medical alerts linked to food preferences | C22: Suggested | D22: S5, S8 | E22: =INDEX(Stages!$C$9:$C$25,MATCH("S5",Stages!$A$9:$A$25,0)) -> Release 1 | F22: Must | G22: =COUNTIF(Backlog!$B$5:$B$106,"S5")+COUNTIF(Backlog!$B$5:$B$106,"S8") -> 15 | H22: No
A23: R19 | B23: Emergency contacts and authorised pick-up persons | C23: Suggested | D23: S5 | E23: =INDEX(Stages!$C$9:$C$25,MATCH("S5",Stages!$A$9:$A$25,0)) -> Release 1 | F23: Must | G23: =COUNTIF(Backlog!$B$5:$B$106,"S5") -> 10 | H23: No
A24: R20 | B24: Printable emergency / evacuation list | C24: Suggested | D24: S8 | E24: =INDEX(Stages!$C$9:$C$25,MATCH("S8",Stages!$A$9:$A$25,0)) -> Release 1 | F24: Must | G24: =COUNTIF(Backlog!$B$5:$B$106,"S8") -> 5 | H24: No
A25: R21 | B25: Daily attendance and absence notes | C25: Suggested | D25: S8 | E25: =INDEX(Stages!$C$9:$C$25,MATCH("S8",Stages!$A$9:$A$25,0)) -> Release 1 | F25: Must | G25: =COUNTIF(Backlog!$B$5:$B$106,"S8") -> 5 | H25: No
A26: R22 | B26: Consent management (photos, excursions, data); gallery respects consent | C26: Suggested | D26: S5 | E26: =INDEX(Stages!$C$9:$C$25,MATCH("S5",Stages!$A$9:$A$25,0)) -> Release 1 | F26: Must | G26: =COUNTIF(Backlog!$B$5:$B$106,"S5") -> 10 | H26: No
A27: R23 | B27: Accident and incident log | C27: Suggested | D27: S8 | E27: =INDEX(Stages!$C$9:$C$25,MATCH("S8",Stages!$A$9:$A$25,0)) -> Release 1 | F27: Must | G27: =COUNTIF(Backlog!$B$5:$B$106,"S8") -> 5 | H27: No
A28: R24 | B28: Birthday reminders in calendar | C28: Suggested | D28: S7 | E28: =INDEX(Stages!$C$9:$C$25,MATCH("S7",Stages!$A$9:$A$25,0)) -> Release 1 | F28: Should | G28: =COUNTIF(Backlog!$B$5:$B$106,"S7") -> 5 | H28: No
A29: R25 | B29: Daily report (meals, nap, mood, diapers) | C29: Suggested | D29: S14 | E29: =INDEX(Stages!$C$9:$C$25,MATCH("S14",Stages!$A$9:$A$25,0)) -> Release 2 | F29: Should | G29: =COUNTIF(Backlog!$B$5:$B$106,"S14") -> 6 | H29: No
A30: R26 | B30: Development observations and export for parent conversations | C30: Suggested | D30: S14 | E30: =INDEX(Stages!$C$9:$C$25,MATCH("S14",Stages!$A$9:$A$25,0)) -> Release 2 | F30: Should | G30: =COUNTIF(Backlog!$B$5:$B$106,"S14") -> 6 | H30: No
A31: R27 | B31: Parent communication: portal, announcements, read receipts, messages | C31: Suggested | D31: S13 | E31: =INDEX(Stages!$C$9:$C$25,MATCH("S13",Stages!$A$9:$A$25,0)) -> Release 2 | F31: Should | G31: =COUNTIF(Backlog!$B$5:$B$106,"S13") -> 5 | H31: No
A32: R28 | B32: Staff duty roster, absences and staff-to-child ratio | C32: Suggested | D32: S14 | E32: =INDEX(Stages!$C$9:$C$25,MATCH("S14",Stages!$A$9:$A$25,0)) -> Release 2 | F32: Should | G32: =COUNTIF(Backlog!$B$5:$B$106,"S14") -> 6 | H32: No
A33: R29 | B33: Meal plan matched against allergies | C33: Suggested | D33: S14 | E33: =INDEX(Stages!$C$9:$C$25,MATCH("S14",Stages!$A$9:$A$25,0)) -> Release 2 | F33: Should | G33: =COUNTIF(Backlog!$B$5:$B$106,"S14") -> 6 | H33: No
A34: R30 | B34: Waiting list and enrolment | C34: Suggested | D34: S14 | E34: =INDEX(Stages!$C$9:$C$25,MATCH("S14",Stages!$A$9:$A$25,0)) -> Release 2 | F34: Could | G34: =COUNTIF(Backlog!$B$5:$B$106,"S14") -> 6 | H34: No
A35: R31 | B35: Document templates with PDF export | C35: Suggested | D35: S13 | E35: =INDEX(Stages!$C$9:$C$25,MATCH("S13",Stages!$A$9:$A$25,0)) -> Release 2 | F35: Could | G35: =COUNTIF(Backlog!$B$5:$B$106,"S13") -> 5 | H35: No
A36: R32 | B36: Local AI: translation, drafting, suggestions, help assistant | C36: Suggested | D36: S15 | E36: =INDEX(Stages!$C$9:$C$25,MATCH("S15",Stages!$A$9:$A$25,0)) -> Release 2 | F36: Should | G36: =COUNTIF(Backlog!$B$5:$B$106,"S15") -> 8 | H36: No
A37: R33 | B37: Tablet-friendly layout / progressive web app | C37: Suggested | D37: S1, S2, S11 | E37: =INDEX(Stages!$C$9:$C$25,MATCH("S1",Stages!$A$9:$A$25,0)) -> Release 1 | F37: Must | G37: =COUNTIF(Backlog!$B$5:$B$106,"S1")+COUNTIF(Backlog!$B$5:$B$106,"S2")+COUNTIF(Backlog!$B$5:$B$106,"S11") -> 19 | H37: No
A38: R34 | B38: Audit log and parent data export/deletion | C38: Suggested | D38: S10 | E38: =INDEX(Stages!$C$9:$C$25,MATCH("S10",Stages!$A$9:$A$25,0)) -> Release 1 | F38: Must | G38: =COUNTIF(Backlog!$B$5:$B$106,"S10") -> 5 | H38: No
A39: R35 | B39: German/English user interface | C39: Suggested | D39: S1, S2 | E39: =INDEX(Stages!$C$9:$C$25,MATCH("S1",Stages!$A$9:$A$25,0)) -> Release 1 | F39: Should | G39: =COUNTIF(Backlog!$B$5:$B$106,"S1")+COUNTIF(Backlog!$B$5:$B$106,"S2") -> 13 | H39: No

Sheet Server Setup
A1: Server Setup Guide (Stage S3)
A2: Step-by-step checklist for the Kita server. Commands are examples; I will give exact commands for each step when you reach it.
A4: Step | B4: Action | C4: Example / detail | D4: Tool | E4: Done?
A5: 1 | B5: Decide hardware: mini PC (16 GB RAM, 512 GB NVMe) or NAS that runs Docker; plus UPS and a second drive for backups | C5: Check what the Kita already has; for local AI later a stronger machine may be needed | D5: – | E5: No
A6: 2 | B6: Install Ubuntu Server LTS; enable disk encryption (LUKS) during install | C6: Installer option 'encrypt the LVM group' | D6: LUKS | E6: No
A7: 3 | B7: Create admin user, enable SSH keys, disable password login | C7: ssh-copy-id; PasswordAuthentication no | D7: OpenSSH | E7: No
A8: 4 | B8: Reserve a fixed IP in the router and set a local name (e.g. kita.lan) | C8: DHCP reservation; local DNS entry in router | D8: Router | E8: No
A9: 5 | B9: Enable firewall: allow 22 (LAN only), 80, 443 | C9: ufw allow from 192.168.0.0/16 to any port 22; ufw allow 80,443/tcp; ufw enable | D9: ufw | E9: No
A10: 6 | B10: Do not forward any ports on the router; the app stays local only | C10: Check router port-forwarding table is empty | D10: Router | E10: No
A11: 7 | B11: Install Docker Engine and Compose plugin | C11: Official Docker apt repository | D11: Docker | E11: No
A12: 8 | B12: Deploy the stack: PostgreSQL, API, web frontend, Caddy | C12: docker compose up -d with .env for secrets | D12: Docker Compose | E12: No
A13: 9 | B13: Enable HTTPS with Caddy's internal CA; install the root certificate on Kita PCs and tablets | C13: Export root.crt; install in OS / browser trust store | D13: Caddy | E13: No
A14: 10 | B14: Mount the shared network drive for photos and documents (database stays on server disk) | C14: /etc/fstab entry for SMB/NFS share; restrict permissions | D14: SMB/NFS | E14: No
A15: 11 | B15: Nightly database backup and photo sync to second drive | C15: cron: pg_dump | gzip; rsync -a | D15: pg_dump, rsync | E15: No
A16: 12 | B16: Weekly encrypted off-site backup (e.g. USB drive taken home or cloud storage in the EU/CH) | C16: restic backup with password stored separately | D16: restic | E16: No
... A21: 17 | B21: Write the admin runbook (restart, update, restore, add/remove user) | C21: One page, printed and kept in the Kita office | D21: Document | E21: No
B23: Steps done | C23: =COUNTIF(E5:E21,"Yes")&" of "&COUNTA(B5:B21) -> 0 of 17
B25: Rule: never put the PostgreSQL data folder on a network share – it can corrupt the database. Photos and documents may live on the share.

Sheet Tech Stack
A1: Proposed Technology Stack
A3: Area | B3: Proposal | C3: Reason / note
A4: Backend language | B4: Python 3.12 | C4: Requested language; strong AI ecosystem
A5: Backend framework | B5: FastAPI | C5: Fast, typed, automatic API docs
A6: Frontend language | B6: TypeScript | C6: Requested; type safety reduces bugs
A7: Frontend framework | B7: React + Vite (PWA) | C7: Large ecosystem; installable on tablets
A8: UI library | B8: MUI or Mantine | C8: Accessible components, large touch targets
A9: Database | B9: PostgreSQL | C9: Reliable; schemas for current vs. archive; pgvector for AI search. Keep on the server's own disk, not on a network share
A10: ORM / migrations | B10: SQLAlchemy + Alembic | C10: Standard Python stack
A11: Authentication | B11: Email + password (argon2), JWT/session cookies; optional Google OAuth | C11: GMX has no standard third-party login; Google OAuth needs an internet-reachable redirect
A12: Server OS | B12: Ubuntu Server LTS with LUKS disk encryption | C12: Stable, well documented, long support
A13: Containers | B13: Docker Compose | C13: Simple install, update and rollback
A14: Reverse proxy / HTTPS | B14: Caddy with internal CA | C14: Automatic local certificates
... A26: CI/CD | B26: GitHub Actions or Azure DevOps Pipelines | C26: Automated tests and builds

Sheet Risks
A1: Risk Register
A2: Probability and impact: 1 = low, 3 = high (blue = input). Score = probability × impact.
A4: ID | B4: Risk | C4: Probability (1-3) | D4: Impact (1-3) | E4: Score | F4: Rating | G4: Mitigation | H4: Owner
A5: K01 | B5: Children's, parents' and health data; legal compliance (nDSG/DSGVO) | C5: 3 | D5: 3 | E5: =C5*D5 -> 9 | F5: =IF(E5>=6,"High",IF(E5>=3,"Medium","Low")) -> High | G5: Data-protection concept in S0, consent management, minimal data, audit log, encryption | H5: Product owner
A6: K02 | B6: Allergy / medical information wrong or outdated | C6: 2 | D6: 3 | E6: =C6*D6 -> 6 | F6: =IF(E6>=6,"High",IF(E6>=3,"Medium","Low")) -> High | G6: Admin-only edit, review prompts, visible banners, tests in S11 | H6: Developer
A7: K03 | B7: Staff find the UI too complicated | C7: 3 | D7: 3 | E7: =C7*D7 -> 9 | F7: =IF(E7>=6,"High",IF(E7>=3,"Medium","Low")) -> High | G7: Prototype tests in S1, large buttons, in-app help, training | H7: UX designer
A8: K04 | B8: Local server unavailable or backups not working | C8: 2 | D8: 3 | E8: =C8*D8 -> 6 | F8: =IF(E8>=6,"High",IF(E8>=3,"Medium","Low")) -> High | G8: Automated backups, restore test in S3, UPS, monitoring alerts | H8: Developer
A9: K05 | B9: Hardware not yet available (purchase lead time) | C9: 2 | D9: 2 | E9: =C9*D9 -> 4 | F9: =IF(E9>=6,"High",IF(E9>=3,"Medium","Low")) -> Medium | G9: Decide in S0, order early, develop against Docker on your own machine meanwhile | H9: Developer
A10: K06 | B10: AI sends sensitive data to external services | C10: 2 | D10: 3 | E10: =C10*D10 -> 6 | F10: =IF(E10>=6,"High",IF(E10>=3,"Medium","Low")) -> High | G10: Local model, anonymise inputs, admin switch to disable AI | H10: Developer
A11: K07 | B11: Local AI needs stronger hardware than the Kita server | C11: 2 | D11: 2 | E11: =C11*D11 -> 4 | F11: =IF(E11>=6,"High",IF(E11>=3,"Medium","Low")) -> Medium | G11: Check in S15 first task; fall back to small models or cloud only for non-personal text | H11: Developer
A12: K08 | B12: AI translation or draft contains errors | C12: 2 | D12: 2 | E12: =C12*D12 -> 4 | F12: =IF(E12>=6,"High",IF(E12>=3,"Medium","Low")) -> Medium | G12: Teacher reviews before sending; label AI-generated text | H12: Developer
A13: K09 | B13: Parent portal increases attack surface | C13: 2 | D13: 3 | E13: =C13*D13 -> 6 | F13: =IF(E13>=6,"High",IF(E13>=3,"Medium","Low")) -> High | G13: Separate role, rate limiting, security review, delivered in Release 2 | H13: Developer
A14: K10 | B14: Gmail/GMX login scope unclear (GMX has no third-party OAuth) | C14: 3 | D14: 2 | E14: =C14*D14 -> 6 | F14: =IF(E14>=6,"High",IF(E14>=3,"Medium","Low")) -> High | G14: Email + password with verification; Google OAuth optional | H14: Developer
A15: K11 | B15: Scope creep | C15: 3 | D15: 2 | E15: =C15*D15 -> 6 | F15: =IF(E15>=6,"High",IF(E15>=3,"Medium","Low")) -> High | G15: MoSCoW, two releases, change requests via feedback form | H15: Product owner
A16: K12 | B16: Single developer: long timeline and dependency on one person | C16: 3 | D16: 3 | E16: =C16*D16 -> 9 | F16: =IF(E16>=6,"High",IF(E16>=3,"Medium","Low")) -> High | G16: Release 1 early with pilot, documentation, clean code, CI; adjust availability input in Stages | H16: Developer
... A18: K14 | B18: Accidental deletion or data loss | C18: 1 | D18: 3 | E18: =C18*D18 -> 3 | F18: =IF(E18>=6,"High",IF(E18>=3,"Medium","Low")) -> Medium | G18: Admin-only delete, archive period, backups | H18: Developer
